{
    "MAPE-test": 0.36446582629593094,
    "MAPE-valid": 0.3605230985454529,
    "RMSPE-test": 0.5119541836634987,
    "RMSPE-valid": 0.48719003170974984,
    "n_stage_hist": [
        6,
        7,
        8,
        8,
        8,
        8,
        8,
        8,
        8,
        8,
        8,
        8,
        8,
        8,
        8,
        8,
        8,
        8,
        8,
        8,
        8,
        8,
        9,
        9,
        9,
        9,
        10,
        10,
        10,
        10,
        11,
        11,
        11,
        11,
        11,
        12,
        12,
        12,
        12,
        12
    ],
    "pred_time_test": 71.89821900000015,
    "pred_time_test_perf": 13.597839499999964,
    "train_time": 1195.393247,
    "train_time_perf": 532.634491333
}