{
    "MAPE-test": 0.4707917480658858,
    "MAPE-valid": 0.4223716135017988,
    "RMSPE-test": 0.7309673879477313,
    "RMSPE-valid": 0.5842962160323003,
    "n_stage_hist": [
        5,
        6,
        6,
        7,
        7,
        7,
        7,
        7,
        7,
        7,
        7,
        7,
        7,
        7,
        7,
        7,
        7,
        7,
        8,
        8,
        8,
        8,
        9,
        9,
        9,
        9,
        9,
        9,
        9,
        9,
        9,
        9,
        9,
        9,
        9,
        9,
        9,
        9,
        9,
        10
    ],
    "pred_time_test": 84.30542100000002,
    "pred_time_test_perf": 15.116091541999992,
    "train_time": 923.801482,
    "train_time_perf": 412.33287891599997
}